site,round,period,sample_id,year,barcode_id,active_flower,final_id,notes,gut_plate,subsite,lat,long,sample_point,julian_date
NR,9,5,9_NR01,2022,NR9_01_02,TAVU,B. impatiens,,bcparasite08_F10,nicomekl2,49.089725,-122.7790482,NR01,225
PM,8,4,8_PM40,2022,PM8_40_01,TRME,B. impatiens,,bcparasite01_A1,pittmeadows2,49.2568274,-122.6668088,PM40,222
SD,3,2,3_SD08,2022,SD3_08_02,RONU,B. impatiens,,bcparasite08_C8,southdelta1,49.0684202,-123.0638309,SD08,164
NR,3,2,3_NR29,2022,NR3_29_01,RUAR,B. impatiens,,bcparasite08_H5,nicomekl4,49.0749252,-122.7620714,NR29,171
SD,3,2,3_SD08,2022,SD3_08_01,RONU,B. impatiens,,bcparasite08_E9,southdelta1,49.0684202,-123.0638309,SD08,164
NR,10,5,10_NR06A,2022,NR10_06A_03,COSE,B. impatiens,,bcparasite07_C2,nicomekl1,49.0895774,-122.7639943,NR06A,231
HR,7,4,7_HR04,2022,HR7_04_02,SPDO,B. impatiens,,bcparasite01_B4,harvieroad3,49.1534069,-122.719946,HR04,214
HR,10,5,10_HR03,2022,HR10_03_01,RARA,B. impatiens,,bcparasite01_D4,harvieroad3,49.1515935,-122.7194854,HR03,232
NR,5,3,5_NR07A,2022,NR5_07A_09,VICR,B. impatiens,,bcparasite07_F2,nicomekl1,49.0896758,-122.7593916,NR07A,194
SD,3,2,3_SD08,2022,SD3_08_03,RONU,B. impatiens,,bcparasite01_E3,southdelta1,49.0684202,-123.0638309,SD08,164
SD,6,3,6_SD36,2022,SD6_36_12,VICR,B. impatiens,,bcparasite01_F3,southdelta3,49.0597409,-123.0816311,SD36,199
HR,8,4,8_HR07A,2022,HR8_07A_05,IMGL,B. impatiens,,bcparasite01_A4,harvieroad3,49.1534589,-122.7224307,HR07A,221
NR,7,4,7_NR25,2022,NR7_25_05,TAVU,B. impatiens,beetle in gut,bcparasite01_B6,nicomekl3,49.0746575,-122.7756397,NR25,213
W,9,5,9_W11,2022,W9_11_04,RUAR,B. impatiens,,bcparasite01_C6,westham3,49.085613,-123.1649155,W11,223
SD,3,2,3_SD08,2022,SD3_08_04,RONU,B. impatiens,,bcparasite01_A8,southdelta1,49.0684202,-123.0638309,SD08,164
SD,9,5,9_SD30,2022,SD9_30_13,RARA,B. impatiens,,bcparasite01_G11,southdelta4,49.0566301,-123.0652652,SD30,224
NR,3,2,3_NR01,2022,NR3_01_02,RONU,B. impatiens,,bcparasite01_H9,nicomekl2,49.089725,-122.7790482,NR01,171
ED,6,3,6_ED01,2022,ED6_01_06,TRHY,B. impatiens,,bcparasite01_D10,eastdelta3,49.0954133,-122.9487118,ED01,202
SD,9,5,9_SD35,2022,SD9_35_03,TRRE,B. impatiens,,bcparasite07_E3,southdelta2,49.0660753,-123.0832934,SD35,224
SD,10,5,10_SD24,2022,SD10_24_04,LASY,B. impatiens,,bcparasite01_E12,southdelta1,49.0659931,-123.0585976,SD24,230
ED,10,5,10_ED32,2022,ED10_32_04,TRRE,B. impatiens,,bcparasite02_A1,eastdelta4,49.0910852,-122.9303897,ED32,233
HR,9,5,9_HR23,2022,HR9_23_02,SPJA,B. impatiens,,bcparasite02_B1,harvieroad4,49.1518644,-122.70223,HR23,228
W,7,4,7_W32,2022,W7_32_01,RUAR,B. impatiens,,bcparasite02_C1,westham3,49.0861264,-123.1586962,W32,206
NR,7,4,7_NR25,2022,NR7_25_06,TAVU,B. impatiens,,bcparasite02_D1,nicomekl3,49.0746575,-122.7756397,NR25,213
W,8,4,8_W11,2022,W8_11_01,RUAR,B. impatiens,,bcparasite07_F3,westham3,49.085613,-123.1649155,W11,217
W,6,3,6_W18,2022,W6_18_01,VEVI,B. impatiens,,bcparasite02_F5,westham4,49.0821167,-123.1545951,W18,200
HR,10,5,10_HR23,2022,HR10_23_01,ECPU,B. impatiens,,bcparasite07_G3,harvieroad4,49.1518644,-122.70223,HR23,231
ED,6,3,6_ED16,2022,ED6_16_01,RUAR,B. impatiens,,bcparasite02_A4,eastdelta3,49.0908698,-122.9480405,ED16,202
ED,6,3,6_ED31,2022,ED6_31_01,HYRA,B. impatiens,,bcparasite02_B4,eastdelta4,49.091685,-122.9349074,ED31,202
NR,7,4,7_NR29,2022,NR7_29_01,VICR,B. impatiens,,bcparasite02_C5,nicomekl4,49.0749252,-122.7620714,NR29,213
ED,6,3,6_ED09,2022,ED6_09_03,TRRE,B. impatiens,,bcparasite02_H9,eastdelta2,49.1028941,-122.9571922,ED09,202
SD,9,5,9_SD35,2022,SD9_35_01,TRRE,B. impatiens,,bcparasite02_E10,southdelta2,49.0660753,-123.0832934,SD35,224
NR,3,2,3_NR29,2022,NR3_29_05,RUAR,B. impatiens,,bcparasite02_F7,nicomekl4,49.0749252,-122.7620714,NR29,171
ED,10,5,10_ED11,2022,ED10_11_03,MEAL,B. impatiens,,bcparasite02_G7,eastdelta1,49.0998336,-122.9364988,ED11,233
SD,8,4,8_SD24,2022,SD8_24_04,LASY,B. impatiens,,bcparasite02_H7,southdelta1,49.0659931,-123.0585976,SD24,216
ED,7,4,7_ED06,2022,ED7_06_04,CHAN,B. impatiens,,bcparasite02_A8,eastdelta3,49.0937503,-122.9571174,ED06,210
W,9,5,9_W11,2022,W9_11_05,RUAR,B. impatiens,,bcparasite02_C8,westham3,49.085613,-123.1649155,W11,223
ED,8,4,8_ED11,2022,ED8_11_02,TRME,B. impatiens,,bcparasite02_G9,eastdelta1,49.0998336,-122.9364988,ED11,220
ED,8,4,8_ED12,2022,ED8_12_01,SPDO,B. impatiens,,bcparasite03_E1,eastdelta4,49.0941941,-122.9295817,ED12,220
PM,4,2,4_PM54A,2022,PM4_54A_05,HYRA,B. impatiens,,bcparasite02_B11,pittmeadows3,49.2423594,-122.6557711,PM54A,186
NR,3,2,3_NR01,2022,NR3_01_06,RONU,B. impatiens,,bcparasite02_A12,nicomekl2,49.089725,-122.7790482,NR01,171
ED,4,2,4_ED12,2022,ED4_12_02,RONU,B. impatiens,,bcparasite02_C12,eastdelta4,49.0941941,-122.9295817,ED12,178
PM,9,5,9_PM63,2022,PM9_63_02,IMGL,B. impatiens,,bcparasite07_B4,pittmeadows3,49.2459944,-122.6670193,PM63,226
SD,10,5,10_SD19,2022,SD10_19_01,TRRE,B. impatiens,,bcparasite03_B2,southdelta1,49.0661604,-123.0667177,SD19,230
SD,7,4,7_SD26,2022,SD7_26_05,TRHY,B. impatiens,,bcparasite03_F3,southdelta4,49.0584528,-123.0671996,SD26,209
ED,10,5,10_ED21A,2022,ED10_21A_01,RULA,B. impatiens,,bcparasite03_A7,eastdelta1,49.1046683,-122.9321746,ED21A,233
ED,3,2,3_ED12,2022,ED3_12_01,RONU,B. impatiens,,bcparasite03_B7,eastdelta4,49.0941941,-122.9295817,ED12,167
NR,3,2,3_NR01,2022,NR3_01_04,RONU,B. impatiens,,bcparasite03_F5,nicomekl2,49.089725,-122.7790482,NR01,171
HR,8,4,8_HR26,2022,HR8_26_01,SODU,B. impatiens,,bcparasite03_B6,harvieroad1,49.1592195,-122.7127155,HR26,221
SD,5,3,5_SD26,2022,SD5_26_02,VIVI,B. impatiens,,bcparasite03_H9,southdelta4,49.0584528,-123.0671996,SD26,187
NR,9,5,9_NR06A,2022,NR9_06A_01,flying,B. impatiens,,bcparasite03_D7,nicomekl1,49.0895774,-122.7639943,NR06A,225
HR,8,4,8_HR07A,2022,HR8_07A_06,IMGL,B. impatiens,,bcparasite03_A8,harvieroad3,49.1534589,-122.7224307,HR07A,221
PM,9,5,9_PM61,2022,PM9_61_03,HYRA,B. impatiens,,bcparasite03_B8,pittmeadows2,49.2545201,-122.6668191,PM61,226
SD,5,3,5_SD24,2022,SD5_24_14,LASY,B. impatiens,,bcparasite04_H1,southdelta1,49.0659931,-123.0585976,SD24,187
HR,9,5,9_HR20A,2022,HR9_20A_05,ERHU,B. impatiens,,bcparasite03_B11,harvieroad1,49.1607689,-122.7016926,HR20A,228
SD,6,3,6_SD24,2022,SD6_24_06,LASY,B. impatiens,,bcparasite03_D12,southdelta1,49.0659931,-123.0585976,SD24,199
HR,10,5,10_HR26,2022,HR10_26_01,SODU,B. impatiens,,bcparasite03_F12,harvieroad1,49.1592195,-122.7127155,HR26,231
SD,9,5,9_SD35,2022,SD9_35_05,TRRE,B. impatiens,,bcparasite04_F5,southdelta2,49.0660753,-123.0832934,SD35,224
HR,8,4,8_HR23,2022,HR8_23_03,SANE,B. impatiens,,bcparasite04_G5,harvieroad4,49.1518644,-122.70223,HR23,221
W,7,4,7_W25,2022,W7_25_01,TRRE,B. impatiens,,bcparasite04_B2,westham2,49.09466,-123.15417,W25,206
W,8,4,8_W01,2022,W8_01_03,TRRE,B. impatiens,,bcparasite04_C3,westham3,49.0878415,-123.1662845,W01,217
SD,9,5,9_SD35,2022,SD9_35_04,TRRE,B. impatiens,,bcparasite04_F3,southdelta2,49.0660753,-123.0832934,SD35,224
NR,9,5,9_NR12,2022,NR9_12_02,LIVU,B. impatiens,,bcparasite04_A4,nicomekl4,49.0789431,-122.7640991,NR12,225
HR,9,5,9_HR23,2022,HR9_23_01,SPJA,B. impatiens,,bcparasite04_B6,harvieroad4,49.1518644,-122.70223,HR23,228
HR,8,4,8_HR23,2022,HR8_23_02,ECPU,B. impatiens,,bcparasite04_E7,harvieroad4,49.1518644,-122.70223,HR23,221
HR,10,5,10_HR07A,2022,HR10_07A_02,SOAR,B. impatiens,,bcparasite04_A8,harvieroad3,49.1534589,-122.7224307,HR07A,232
HR,9,5,9_HR33,2022,HR9_33_01,TAVU,B. impatiens,,bcparasite04_B8,harvieroad3,49.1479665,-122.730115,HR33,228
NR,7,4,7_NR14A,2022,NR7_14A_02,TRHY,B. impatiens,,bcparasite04_A12,nicomekl4,49.0803908,-122.7595179,NR14A,213
NR,3,2,3_NR29,2022,NR3_29_03,RUAR,B. impatiens,,bcparasite04_B12,nicomekl4,49.0749252,-122.7620714,NR29,171
ED,8,4,8_ED28A,2022,ED8_28A_01,TRRE,B. impatiens,,bcparasite05_B1,eastdelta1,49.1007889,-122.9346452,ED28A,220
ED,10,5,10_ED32,2022,ED10_32_01,TRRE,B. impatiens,,bcparasite05_C2,eastdelta4,49.0910852,-122.9303897,ED32,233
ED,8,4,8_ED20A,2022,ED8_20A_02,SPDO,B. impatiens,,bcparasite05_D4,eastdelta1,49.1046332,-122.9294281,ED20A,220
NR,6,3,6_NR01,2022,NR6_01_02,CHAN,B. impatiens,,bcparasite05_H3,nicomekl2,49.089725,-122.7790482,NR01,203
HR,9,5,9_HR20A,2022,HR9_20A_03,ERHU,B. impatiens,,bcparasite05_A4,harvieroad1,49.1607689,-122.7016926,HR20A,228
HR,9,5,9_HR03,2022,HR9_03_01,TRRE,B. impatiens,,bcparasite05_B4,harvieroad3,49.1515935,-122.7194854,HR03,228
ED,6,3,6_ED22A,2022,ED6_22A_02,TRRE,B. impatiens,,bcparasite05_C4,eastdelta2,49.1028989,-122.9460592,ED22A,202
ED,7,4,7_ED01,2022,ED7_01_01,TRHY,B. impatiens,,bcparasite05_A5,eastdelta3,49.0954133,-122.9487118,ED01,210
ED,9,5,9_ED01,2022,ED9_01_06,TRHY,B. impatiens,,bcparasite05_H7,eastdelta3,49.0954133,-122.9487118,ED01,227
ED,10,5,10_ED21A,2022,ED10_21A_02,RARA,B. impatiens,,bcparasite05_B6,eastdelta1,49.1046683,-122.9321746,ED21A,233
HR,8,4,8_HR19A,2022,HR8_19A_02,TRME,B. impatiens,,bcparasite05_C6,harvieroad1,49.1578943,-122.7080699,HR19A,221
NR,7,4,7_NR29,2022,NR7_29_02,VICR,B. impatiens,,bcparasite05_D6,nicomekl4,49.0749252,-122.7620714,NR29,213
PM,9,5,9_PM54A,2022,PM9_54A_01,RORU,B. impatiens,,bcparasite05_E7,pittmeadows3,49.2423594,-122.6557711,PM54A,226
ED,4,2,4_ED12,2022,ED4_12_01,RONU,B. impatiens,,bcparasite05_F7,eastdelta4,49.0941941,-122.9295817,ED12,178
NR,6,3,6_NR43,2022,NR6_43_03,nest,B. impatiens,,bcparasite05_C8,nicomekl2,49.0834488,-122.776728,NR43,203
SD,10,5,10_SD30,2022,SD10_30_09,TRHY,B. impatiens,,bcparasite05_E12,southdelta4,49.0566301,-123.0652652,SD30,230
W,9,5,9_W15,2022,W9_15_01,RUAR,B. impatiens,,bcparasite05_G12,westham4,49.081127,-123.150026,W15,223
HR,10,5,10_HR07A,2022,HR10_07A_01,HYRA,B. impatiens,,bcparasite05_D8,harvieroad3,49.1534589,-122.7224307,HR07A,232
ED,8,4,8_ED04,2022,ED8_04_02,TAVU,B. impatiens,,bcparasite05_E9,eastdelta3,49.0927295,-122.9514265,ED04,220
SD,4,2,4_SD24,2022,SD4_24_01,RUAR,B. impatiens,,bcparasite05_D12,southdelta1,49.0659931,-123.0585976,SD24,173
W,10,5,10_W01,2022,W10_01_02,TRRE,B. impatiens,,bcparasite05_G11,westham3,49.0878415,-123.1662845,W01,229
SD,7,4,7_SD37,2022,SD7_37_08,LOCO,B. impatiens,,bcparasite06_C3,southdelta4,49.0602593,-123.058988,SD37,209
NR,3,2,3_NR02,2022,NR3_02_02,RUAR,B. impatiens,,bcparasite06_E3,nicomekl2,49.0896266,-122.7732653,NR02,171
SD,10,5,10_SD03,2022,SD10_03_01,VICR,B. impatiens,,bcparasite06_B1,southdelta3,49.0601615,-123.0764268,SD03,230
W,10,5,10_W16,2022,W10_16_04,HEPA,B. impatiens,,bcparasite06_C1,westham4,49.080608,-123.1570558,W16,229
W,6,3,6_W18,2022,W6_18_06,VEVI,B. impatiens,,bcparasite06_F2,westham4,49.0821167,-123.1545951,W18,200
ED,9,5,9_ED01,2022,ED9_01_02,CIVU,B. impatiens,,bcparasite06_D7,eastdelta3,49.0954133,-122.9487118,ED01,227
SD,10,5,10_SD36,2022,SD10_36_01,VICR,B. impatiens,,bcparasite06_E7,southdelta3,49.0597409,-123.0816311,SD36,230
SD,10,5,10_SD40,2022,SD10_40_05,flying,B. impatiens,,bcparasite06_F5,southdelta2,49.0664297,-123.0753682,SD40,230
SD,5,3,5_SD03,2022,SD5_03_04,VICR,B. impatiens,,bcparasite06_H5,southdelta3,49.0601615,-123.0764268,SD03,187
NR,10,5,10_NR06A,2022,NR10_06A_01,HYRA,B. impatiens,,bcparasite06_F7,nicomekl1,49.0895774,-122.7639943,NR06A,231
NR,6,3,6_NR43,2022,NR6_43_02,nest,B. impatiens,,bcparasite06_A11,nicomekl2,49.0834488,-122.776728,NR43,203
NR,6,3,6_NR07A,2022,NR6_07A_06,LOCO,B. impatiens,,bcparasite06_B11,nicomekl1,49.0896758,-122.7593916,NR07A,203
W,9,5,9_W11,2022,W9_11_06,RUAR,B. impatiens,,bcparasite06_H8,westham3,49.085613,-123.1649155,W11,223
SD,9,5,9_SD03,2022,SD9_03_02,VICR,B. impatiens,,bcparasite06_C9,southdelta3,49.0601615,-123.0764268,SD03,224
HR,7,4,7_HR35,2022,HR7_35_01,TRME,B. impatiens,,bcparasite06_D9,harvieroad4,49.1516644,-122.7064572,HR35,214
NR,10,5,10_NR06A,2022,NR10_06A_02,COSE,B. impatiens,,bcparasite06_E10,nicomekl1,49.0895774,-122.7639943,NR06A,231
ED,6,3,6_ED28A,2022,ED6_28A_08,VICR,B. impatiens,,bcparasite07_A1,eastdelta1,49.1007889,-122.9346452,ED28A,202
NR,7,4,7_NR29,2022,NR7_29_03,TAVU,B. impatiens,,bcparasite07_D5,nicomekl4,49.0749252,-122.7620714,NR29,213
ED,9,5,9_ED15,2022,ED9_15_01,CIVU,B. impatiens,,bcparasite07_A6,eastdelta3,49.0918464,-122.9461469,ED15,227
SD,7,4,7_SD39,2022,SD7_39_08,PHTA,B. impatiens,,bcparasite06_E5,southdelta2,49.0682854,-123.0740915,SD39,209
ED,6,3,6_ED32,2022,ED6_32_02,TRRE,B. impatiens,,bcparasite02_E3,eastdelta4,49.0910852,-122.9303897,ED32,202
NR,9,5,9_NR14A,2022,NR9_14A_04,TRHY,B. impatiens,,bcparasite03_B4,nicomekl4,49.0803908,-122.7595179,NR14A,225
SD,7,4,7_SD12A,2022,SD7_12A_01,TRRE,B. impatiens,,bcparasite07_C5,southdelta2,49.0684582,-123.0779675,SD12A,209
ED,7,4,7_ED32,2022,ED7_32_04,TRRE,B. impatiens,,bcparasite07_E7,eastdelta4,49.0910852,-122.9303897,ED32,210
NR,5,3,5_NR07A,2022,NR5_07A_02,VICR,B. impatiens,,bcparasite07_E8,nicomekl1,49.0896758,-122.7593916,NR07A,194
ED,10,5,10_ED12,2022,ED10_12_03,TRRE,B. impatiens,,bcparasite07_F8,eastdelta4,49.0941941,-122.9295817,ED12,233
NR,9,5,9_NR43,2022,NR9_43_02,nest,B. impatiens,,bcparasite07_H8,nicomekl2,49.0834488,-122.776728,NR43,225
W,8,4,8_W11,2022,W8_11_02,RUAR,B. impatiens,,bcparasite07_E9,westham3,49.085613,-123.1649155,W11,217
W,8,4,8_W17,2022,W8_17_03,SPDO,B. impatiens,,bcparasite07_A10,westham4,49.0785706,-123.1520317,W17,217
ED,9,5,9_ED20A,2022,ED9_20A_01,CHAN,B. impatiens,,bcparasite08_E2,eastdelta1,49.1046332,-122.9294281,ED20A,227
ED,7,4,7_ED27A,2022,ED7_27A_02,VICR,B. impatiens,,bcparasite08_F2,eastdelta1,49.1002656,-122.9297475,ED27A,210
SD,8,4,8_SD40,2022,SD8_40_09,CIVU,B. impatiens,,bcparasite07_C10,southdelta2,49.0664297,-123.0753682,SD40,216
NR,9,5,9_NR29,2022,NR9_29_01,TAVU,B. impatiens,,bcparasite07_D10,nicomekl4,49.0749252,-122.7620714,NR29,225
ED,8,4,8_ED20A,2022,ED8_20A_01,VICR,B. impatiens,,bcparasite07_E11,eastdelta1,49.1046332,-122.9294281,ED20A,220
NR,3,2,3_NR01,2022,NR3_01_03,RONU,B. impatiens,,bcparasite07_F12,nicomekl2,49.089725,-122.7790482,NR01,171
ED,5,3,5_ED32,2022,ED5_32_03,TRRE,B. impatiens,,bcparasite08_G2,eastdelta4,49.0910852,-122.9303897,ED32,189
W,10,5,10_W18,2022,W10_18_04,SOCA,B. impatiens,,bcparasite08_H2,westham4,49.0821167,-123.1545951,W18,229
ED,8,4,8_ED09,2022,ED8_09_02,TRRE,B. impatiens,,bcparasite08_E4,eastdelta2,49.1028941,-122.9571922,ED09,220
SD,4,2,4_SD40,2022,SD4_40_02,SPJA,B. impatiens,,bcparasite08_G8,southdelta2,49.0664297,-123.0753682,SD40,173
SD,5,3,5_SD03,2022,SD5_03_05,VICR,B. impatiens,,,southdelta3,49.0601615,-123.0764268,SD03,187
ED,5,3,5_ED11,2022,ED5_11_02,RUAR,B. impatiens,,bcparasite08_B12,eastdelta1,49.0998336,-122.9364988,ED11,190
SD,4,2,4_SD39,2022,SD4_39_07,PHTA,B. impatiens,,bcparasite03_H10,southdelta2,49.0682854,-123.0740915,SD39,173
ED,5,3,5_ED11,2022,ED5_11_01,RUAR,B. mixtus,queen,bcparasite07_B3,eastdelta1,49.0998336,-122.9364988,ED11,190
ED,4,2,4_ED10,2022,ED4_10_02,RUAR,B. mixtus,,bcparasite07_D11,eastdelta2,49.1053113,-122.9572629,ED10,178
HR,4,2,4_HR10,2022,HR4_10_03,VICR,B. mixtus,,bcparasite07_B12,harvieroad2,49.1588394,-122.7276809,HR10,179
ED,4,2,4_ED10,2022,ED4_10_05,RUAR,B. mixtus,,bcparasite04_C1,eastdelta2,49.1053113,-122.9572629,ED10,178
ED,4,2,4_ED10,2022,ED4_10_08,RUAR,B. mixtus,,bcparasite07_D9,eastdelta2,49.1053113,-122.9572629,ED10,178
SD,2,1,2_SD40,2022,SD2_40_04,LUPO,B. mixtus,queen,bcparasite08_E7,southdelta2,49.0664297,-123.0753682,SD40,153
PM,1,1,1_PM19,2022,PM1_19_01,LUPO,B. mixtus,,bcparasite05_E6,pittmeadows4,49.2471037,-122.6399986,PM19,152
NR,1,1,1_NR43,2022,NR1_43_09,LUPO,B. mixtus,,bcparasite06_C8,nicomekl2,49.0834488,-122.776728,NR43,149
NR,1,1,1_NR43,2022,NR1_43_16,LUPO,B. mixtus,,bcparasite03_E11,nicomekl2,49.0834488,-122.776728,NR43,149
NR,1,1,1_NR43,2022,NR1_43_18,LUPO,B. mixtus,,bcparasite04_B7,nicomekl2,49.0834488,-122.776728,NR43,149
NR,1,1,1_NR43,2022,NR1_43_04,LUPO,B. mixtus,,bcparasite05_G8,nicomekl2,49.0834488,-122.776728,NR43,149
PM,1,1,1_PM19,2022,PM1_19_03,LUPO,B. mixtus,,bcparasite04_H6,pittmeadows4,49.2471037,-122.6399986,PM19,152
NR,1,1,1_NR43,2022,NR1_43_01,LUPO,B. mixtus,,bcparasite02_F2,nicomekl2,49.0834488,-122.776728,NR43,149
NR,1,1,1_NR43,2022,NR1_43_12,LUPO,B. mixtus,queen,bcparasite08_C10,nicomekl2,49.0834488,-122.776728,NR43,149
PM,1,1,1_PM19,2022,PM1_19_04,LUPO,B. mixtus,queen,bcparasite05_E3,pittmeadows4,49.2471037,-122.6399986,PM19,152
PM,5,3,5_PM65,2022,PM5_65_02,CHAN,B. mixtus,,,pittmeadows2,49.2547515,-122.6556663,PM65,192
SD,8,4,8_SD39,2022,SD8_39_06,PHTA,B. mixtus,,bcparasite04_A9,southdelta2,49.0682854,-123.0740915,SD39,216
SD,8,4,8_SD24,2022,SD8_24_01,CIVU,B. mixtus,,bcparasite06_A2,southdelta1,49.0659931,-123.0585976,SD24,216
PM,6,3,6_PM70,2022,PM6_70_07,SYAL,B. mixtus,,bcparasite06_D2,pittmeadows4,49.2451356,-122.638063,PM70,204
HR,3,2,3_HR19A,2022,HR3_19A_12,TRRE,B. mixtus,,,harvieroad1,49.1578943,-122.7080699,HR19A,172
HR,3,2,3_HR19A,2022,HR3_19A_10,TRRE,B. mixtus,,bcparasite07_C1,harvieroad1,49.1578943,-122.7080699,HR19A,172
SD,3,2,3_SD26,2022,SD3_26_04,VIHI,B. mixtus,,bcparasite04_C2,southdelta4,49.0584528,-123.0671996,SD26,162
W,9,5,9_W17,2022,W9_17_01,SPDO,B. mixtus,,bcparasite07_A8,westham4,49.0785706,-123.1520317,W17,223
ED,8,4,8_ED06,2022,ED8_06_04,CHAN,B. mixtus,,bcparasite07_E4,eastdelta3,49.0937503,-122.9571174,ED06,220
W,7,4,7_W18,2022,W7_18_01,VEVI,B. mixtus,,bcparasite03_F6,westham4,49.0821167,-123.1545951,W18,206
PM,6,3,6_PM70,2022,PM6_70_09,SYAL,B. mixtus,,bcparasite_extra_F1,pittmeadows4,49.2451356,-122.638063,PM70,204
PM,6,3,6_PM65,2022,PM6_65_01,CHAN,B. mixtus,,,pittmeadows2,49.2547515,-122.6556663,PM65,204
SD,9,5,9_SD22,2022,SD9_22_01,HYRA,B. mixtus,,bcparasite05_B2,southdelta1,49.0684855,-123.0576856,SD22,224
SD,7,4,7_SD26,2022,SD7_26_02,TRHY,B. mixtus,,bcparasite01_G2,southdelta4,49.0584528,-123.0671996,SD26,209
HR,1,1,1_HR16,2022,HR1_16_03,VACO,B. mixtus,,,harvieroad1,49.159073,-122.7088316,HR16,141
SD,7,4,7_SD09,2022,SD7_09_02,TRRE,B. mixtus,,bcparasite03_G2,southdelta1,49.0661823,-123.0625536,SD09,209
ED,9,5,9_ED20A,2022,ED9_20A_06,VICR,B. mixtus,,bcparasite05_F1,eastdelta1,49.1046332,-122.9294281,ED20A,227
PM,2,1,2_PM54,2022,PM2_54_07,VACO,B. mixtus,,bcparasite06_A12,pittmeadows3,49.2435675,-122.654634,PM54,166
SD,7,4,7_SD26,2022,SD7_26_03,TRHY,B. mixtus,,bcparasite05_E5,southdelta4,49.0584528,-123.0671996,SD26,209
W,10,5,10_W15,2022,W10_15_01,SPDO,B. mixtus,,bcparasite06_H1,westham4,49.081127,-123.150026,W15,229
SD,10,5,10_SD13,2022,SD10_13_01,flying,B. mixtus,,bcparasite03_A9,southdelta2,49.0671224,-123.0772778,SD13,230
PM,2,1,2_PM51,2022,PM2_51_03,VACO,B. mixtus,,bcparasite06_H4,pittmeadows3,49.2454815,-122.6549218,PM51,166
PM,4,2,4_PM54A,2022,PM4_54A_02,VICR,B. mixtus,,bcparasite04_F2,pittmeadows3,49.2423594,-122.6557711,PM54A,186
SD,6,3,6_SD24,2022,SD6_24_04,RUAR,B. mixtus,,,southdelta1,49.0659931,-123.0585976,SD24,199
W,5,3,5_W18,2022,W5_18_02,VEVI,B. mixtus,,bcparasite05_B12,westham4,49.0821167,-123.1545951,W18,189
SD,4,2,4_SD40,2022,SD4_40_01,SPJA,B. mixtus,,,southdelta2,49.0664297,-123.0753682,SD40,173
SD,6,3,6_SD39,2022,SD6_39_06,PHTA,B. mixtus,,bcparasite04_G8,southdelta2,49.0682854,-123.0740915,SD39,199
SD,6,3,6_SD26,2022,SD6_26_11,VIVI,B. mixtus,,bcparasite06_D6,southdelta4,49.0584528,-123.0671996,SD26,199
W,6,3,6_W18,2022,W6_18_03,VEVI,B. mixtus,,bcparasite05_A12,westham4,49.0821167,-123.1545951,W18,200
NR,3,2,3_NR43,2022,NR3_43_05,LUPO,B. mixtus,,bcparasite06_E11,nicomekl2,49.0834488,-122.776728,NR43,171
W,6,3,6_W18,2022,W6_18_05,VEVI,B. mixtus,,bcparasite02_C9,westham4,49.0821167,-123.1545951,W18,200
NR,3,2,3_NR01,2022,NR3_01_11,RONU,B. mixtus,,bcparasite01_H12,nicomekl2,49.089725,-122.7790482,NR01,171
ED,3,2,3_ED28,2022,ED3_28_01,AQVU,B. mixtus,,bcparasite07_H10,eastdelta1,49.1002867,-122.9346774,ED28,167
SD,3,2,3_SD40,2022,SD3_40_02,LUPO,B. mixtus,,bcparasite06_E4,southdelta2,49.0664297,-123.0753682,SD40,164
PM,2,1,2_PM70,2022,PM2_70_02,LUPO,B. mixtus,,bcparasite06_A6,pittmeadows4,49.2451356,-122.638063,PM70,166
PM,3,2,3_PM54,2022,PM3_54_05,VACO,B. mixtus,,bcparasite02_D11,pittmeadows3,49.2435675,-122.654634,PM54,174
PM,3,2,3_PM51,2022,PM3_51_05,VACO,B. mixtus,,bcparasite08_C1,pittmeadows3,49.2454815,-122.6549218,PM51,174
HR,2,1,2_HR12B,2022,HR2_12B_03,RARA,B. flavifrons,,bcparasite_extra_B1,harvieroad2,49.1590491,-122.7221993,HR12B,158
SD,6,3,6_SD26,2022,SD6_26_12,VIVI,B. californicus,queen,bcparasite04_C4,southdelta4,49.0584528,-123.0671996,SD26,199
NR,4,2,4_NR43,2022,NR4_43_06,LUPO,B. californicus,queen,bcparasite08_B9,nicomekl2,49.0834488,-122.776728,NR43,181
SD,6,3,6_SD26,2022,SD6_26_07,VIVI,B. californicus,,bcparasite02_E9,southdelta4,49.0584528,-123.0671996,SD26,199
SD,9,5,9_SD24,2022,SD9_24_05,LASY,B. californicus,,bcparasite03_D4,southdelta1,49.0659931,-123.0585976,SD24,224
SD,5,3,5_SD26,2022,SD5_26_06,VIVI,B. californicus,,bcparasite03_E4,southdelta4,49.0584528,-123.0671996,SD26,187
HR,8,4,8_HR11,2022,HR8_11_02,GABI,B. californicus,,bcparasite05_C1,harvieroad2,49.1627115,-122.7235836,HR11,221
SD,5,3,5_SD26,2022,SD5_26_01,VIVI,B. californicus,,bcparasite06_D5,southdelta4,49.0584528,-123.0671996,SD26,187
SD,9,5,9_SD24,2022,SD9_24_07,LASY,B. californicus,,bcparasite07_C12,southdelta1,49.0659931,-123.0585976,SD24,224
SD,6,3,6_SD26,2022,SD6_26_22,VIVI,B. californicus,,bcparasite07_C8,southdelta4,49.0584528,-123.0671996,SD26,199
SD,9,5,9_SD24,2022,SD9_24_03,LASY,B. californicus,,bcparasite07_F6,southdelta1,49.0659931,-123.0585976,SD24,224
SD,9,5,9_SD37,2022,SD9_37_02,VICR,B. californicus,,bcparasite07_H1,southdelta4,49.0602593,-123.058988,SD37,224
SD,9,5,9_SD24,2022,SD9_24_11,LASY,B. californicus,,bcparasite08_E1,southdelta1,49.0659931,-123.0585976,SD24,224
SD,6,3,6_SD26,2022,SD6_26_05,VIVI,B. californicus,,bcparasite08_H12,southdelta4,49.0584528,-123.0671996,SD26,199
ED,2,1,2_ED27,2022,ED2_27_10,VISA,B. californicus,,,eastdelta1,49.1002059,-122.9312067,ED27,157
ED,6,3,6_ED06,2022,ED6_06_01,TRME,B. californicus,,,eastdelta3,49.0937503,-122.9571174,ED06,202
ED,7,4,7_ED01,2022,ED7_01_04,VICR,B. californicus,,,eastdelta3,49.0954133,-122.9487118,ED01,210
ED,8,4,8_ED06,2022,ED8_06_06,TRME,B. californicus,,,eastdelta3,49.0937503,-122.9571174,ED06,220
ED,9,5,9_ED32,2022,ED9_32_01,TRME,B. californicus,,,eastdelta4,49.0910852,-122.9303897,ED32,227
HR,7,4,7_HR32,2022,HR7_32_01,TRME,B. californicus,,,harvieroad3,49.147953,-122.7201041,HR32,214
HR,7,4,7_HR34,2022,HR7_34_01,TRME,B. californicus,,,harvieroad1,49.1628452,-122.7053717,HR34,214
NR,6,3,6_NR07A,2022,NR6_07A_07,HYRA,B. californicus,,,nicomekl1,49.0896758,-122.7593916,NR07A,203
SD,5,3,5_SD24,2022,SD5_24_09,LASY,B. californicus,,,southdelta1,49.0659931,-123.0585976,SD24,187
SD,5,3,5_SD36,2022,SD5_36_02,VICR,B. californicus,,,southdelta3,49.0597409,-123.0816311,SD36,187
SD,6,3,6_SD24,2022,SD6_24_08,LASY,B. californicus,,,southdelta1,49.0659931,-123.0585976,SD24,199
SD,6,3,6_SD24,2022,SD6_24_09,LASY,B. californicus,,,southdelta1,49.0659931,-123.0585976,SD24,199
SD,6,3,6_SD26,2022,SD6_26_14,VIVI,B. californicus,,,southdelta4,49.0584528,-123.0671996,SD26,199
SD,6,3,6_SD36,2022,SD6_36_02,VICR,B. californicus,,,southdelta3,49.0597409,-123.0816311,SD36,199
SD,6,3,6_SD36,2022,SD6_36_05,VICR,B. californicus,,,southdelta3,49.0597409,-123.0816311,SD36,199
SD,7,4,7_SD24,2022,SD7_24_03,LASY,B. californicus,,,southdelta1,49.0659931,-123.0585976,SD24,209
SD,8,4,8_SD26,2022,SD8_26_03,TRHY,B. californicus,,,southdelta4,49.0584528,-123.0671996,SD26,216
W,4,2,4_W18A,2022,W4_18A_16,VIVI,B. californicus,,,westham4,49.0811246,-123.1523551,W18A,175
W,4,2,4_W18A,2022,W4_18A_19,VIVI,B. californicus,,,westham4,49.0811246,-123.1523551,W18A,175
W,6,3,6_W17,2022,W6_17_01,RUAR,B. californicus,,,westham4,49.0785706,-123.1520317,W17,200
W,4,2,4_W29,2022,W4_29_02,RUAR,B. flavifrons,messed up bcparasite03_G10/H10,,westham2,49.0982632,-123.15295,W29,175
ED,2,1,2_ED27,2022,ED2_27_03,VISA,B. flavifrons,queen,bcparasite01_B9,eastdelta1,49.1002059,-122.9312067,ED27,157
HR,2,1,2_HR12B,2022,HR2_12B_02,RARA,B. flavifrons,,bcparasite_extra_C1,harvieroad2,49.1590491,-122.7221993,HR12B,158
ED,3,2,3_ED25B,2022,ED3_25B_07,TRME,B. flavifrons,,bcparasite01_C3,eastdelta1,49.10081,-122.9371909,ED25B,167
NR,2,1,2_NR43,2022,NR2_43_09,LUPO,B. flavifrons,,bcparasite01_D5,nicomekl2,49.0834488,-122.776728,NR43,159
ED,4,2,4_ED20A,2022,ED4_20A_01,VICR,B. flavifrons,,bcparasite01_E5,eastdelta1,49.1046332,-122.9294281,ED20A,178
ED,3,2,3_ED11,2022,ED3_11_01,TRRE,B. flavifrons,,bcparasite01_E6,eastdelta1,49.0998336,-122.9364988,ED11,167
NR,1,1,1_NR43,2022,NR1_43_02,LUPO,B. flavifrons,,bcparasite01_F12,nicomekl2,49.0834488,-122.776728,NR43,149
ED,3,2,3_ED20A,2022,ED3_20A_05,TRHY,B. flavifrons,,bcparasite01_G8,eastdelta1,49.1046332,-122.9294281,ED20A,167
ED,2,1,2_ED11,2022,ED2_11_01,VISA,B. flavifrons,,bcparasite01_H8,eastdelta1,49.0998336,-122.9364988,ED11,157
W,3,2,3_W02,2022,W3_02_01,WIFU,B. flavifrons,,bcparasite02_A10,westham3,49.0898095,-123.1642782,W02,161
ED,2,1,2_ED27,2022,ED2_27_04,VISA,B. flavifrons,,bcparasite02_C2,eastdelta1,49.1002059,-122.9312067,ED27,157
HR,1,1,1_HR03,2022,HR1_03_02,Rorippa spp.,B. flavifrons,,bcparasite02_C4,harvieroad3,49.1515935,-122.7194854,HR03,141
W,2,1,2_W10,2022,W2_10_08,RASA,B. flavifrons,,bcparasite02_E12,westham3,49.0877613,-123.1628726,W10,151
W,2,1,2_W10,2022,W2_10_09,RASA,B. flavifrons,,bcparasite02_E8,westham3,49.0877613,-123.1628726,W10,151
NR,1,1,1_NR43,2022,NR1_43_10,LUPO,B. flavifrons,,bcparasite02_G1,nicomekl2,49.0834488,-122.776728,NR43,149
ED,5,3,5_ED28A,2022,ED5_28A_05,VICR,B. flavifrons,,bcparasite02_G6,eastdelta1,49.1007889,-122.9346452,ED28A,190
W,4,2,4_W18A,2022,W4_18A_06,VIVI,B. flavifrons,,bcparasite02_H1,westham4,49.0811246,-123.1523551,W18A,175
W,4,2,4_W29,2022,W4_29_01,TRPR,B. flavifrons,,bcparasite02_H11,westham2,49.0982632,-123.15295,W29,175
HR,3,2,3_HR23,2022,HR3_23_05,SPJA,B. flavifrons,,bcparasite02_H5,harvieroad4,49.1518644,-122.70223,HR23,172
HR,4,2,4_HR29,2022,HR4_29_01,VICR,B. flavifrons,,bcparasite03_A3,harvieroad4,49.1482013,-122.7015327,HR29,182
HR,3,2,3_HR23,2022,HR3_23_06,SPJA,B. flavifrons,,bcparasite03_C6,harvieroad4,49.1518644,-122.70223,HR23,172
HR,1,1,1_HR03,2022,HR1_03_05,LAPU,B. flavifrons,,bcparasite03_C9,harvieroad3,49.1515935,-122.7194854,HR03,141
ED,2,1,2_ED27,2022,ED2_27_05,VISA,B. flavifrons,,bcparasite03_D2,eastdelta1,49.1002059,-122.9312067,ED27,157
HR,1,1,1_HR09,2022,HR1_09_02,N/A,B. flavifrons,,bcparasite03_D9,harvieroad2,49.1626103,-122.7282396,HR09,142
ED,5,3,5_ED28A,2022,ED5_28A_01,TRME,B. flavifrons,,bcparasite03_E7,eastdelta1,49.1007889,-122.9346452,ED28A,190
W,4,2,4_W18A,2022,W4_18A_02,VIVI,B. flavifrons,,bcparasite03_F7,westham4,49.0811246,-123.1523551,W18A,175
HR,3,2,3_HR32,2022,HR3_32_22,SYOF,B. flavifrons,,bcparasite04_B1,harvieroad3,49.147953,-122.7201041,HR32,172
W,4,2,4_W30,2022,W4_30_02,RONU,B. flavifrons,,bcparasite04_B11,westham2,49.0955023,-123.1490957,W30,175
HR,4,2,4_HR32,2022,HR4_32_04,SYOF,B. flavifrons,,bcparasite04_C6,harvieroad3,49.147953,-122.7201041,HR32,182
HR,2,1,2_HR10,2022,HR2_10_03,VISA,B. flavifrons,,bcparasite04_C8,harvieroad2,49.1588394,-122.7276809,HR10,158
HR,4,2,4_HR14,2022,HR4_14_01,VICR,B. flavifrons,,bcparasite04_D12,harvieroad2,49.1589819,-122.7208294,HR14,179
HR,1,1,1_HR32,2022,HR1_32_01,LAPU,B. flavifrons,,bcparasite04_E9,harvieroad3,49.147953,-122.7201041,HR32,141
NR,2,1,2_NR43,2022,NR2_43_06,LUPO,B. flavifrons,,bcparasite04_G2,nicomekl2,49.0834488,-122.776728,NR43,159
HR,5,3,5_HR12C,2022,HR5_12C_06,VICR,B. flavifrons,,bcparasite04_G3,harvieroad2,49.1604103,-122.7221135,HR12C,191
HR,5,3,5_HR10,2022,HR5_10_02,VICR,B. flavifrons,,bcparasite04_H3,harvieroad2,49.1588394,-122.7276809,HR10,191
W,3,2,3_W01,2022,W3_01_02,RASA,B. flavifrons,,bcparasite05_C12,westham3,49.0878415,-123.1662845,W01,161
SD,4,2,4_SD40,2022,SD4_40_06,LUPO,B. flavifrons,,bcparasite05_C7,southdelta2,49.0664297,-123.0753682,SD40,173
HR,3,2,3_HR12,2022,HR3_12_02,VICR,B. flavifrons,,bcparasite05_D5,harvieroad2,49.1590772,-122.7236265,HR12,174
HR,5,3,5_HR19A,2022,HR5_19A_10,TRME,B. flavifrons,,bcparasite05_F4,harvieroad1,49.1578943,-122.7080699,HR19A,191
HR,2,1,2_HR32,2022,HR2_32_01,RARA,B. flavifrons,,bcparasite06_A3,harvieroad3,49.147953,-122.7201041,HR32,158
HR,3,2,3_HR12,2022,HR3_12_04,VICR,B. flavifrons,,bcparasite06_B10,harvieroad2,49.1590772,-122.7236265,HR12,174
HR,4,2,4_HR34,2022,HR4_34_10,VICR,B. flavifrons,,bcparasite06_B7,harvieroad1,49.1628452,-122.7053717,HR34,182
HR,4,2,4_HR19A,2022,HR4_19A_26,VICR,B. flavifrons,,bcparasite06_C11,harvieroad1,49.1578943,-122.7080699,HR19A,179
SD,3,2,3_SD26,2022,SD3_26_07,VIHI,B. flavifrons,,bcparasite06_C12,southdelta4,49.0584528,-123.0671996,SD26,162
W,2,1,2_W32,2022,W2_32_01,RASA,B. flavifrons,,bcparasite06_E1,westham3,49.0861264,-123.1586962,W32,151
NR,1,1,1_NR43,2022,NR1_43_11,LUPO,B. flavifrons,,bcparasite06_F12,nicomekl2,49.0834488,-122.776728,NR43,149
SD,3,2,3_SD26,2022,SD3_26_08,VIHI,B. flavifrons,,bcparasite06_G9,southdelta4,49.0584528,-123.0671996,SD26,162
SD,3,2,3_SD26,2022,SD3_26_02,VIHI,B. flavifrons,,bcparasite07_A11,southdelta4,49.0584528,-123.0671996,SD26,162
SD,4,2,4_SD26,2022,SD4_26_02,VIVI,B. flavifrons,,bcparasite07_B6,southdelta4,49.0584528,-123.0671996,SD26,173
SD,4,2,4_SD40,2022,SD4_40_04,LUPO,B. flavifrons,,bcparasite07_B8,southdelta2,49.0664297,-123.0753682,SD40,173
HR,5,3,5_HR19A,2022,HR5_19A_03,SYOF,B. flavifrons,,bcparasite07_C6,harvieroad1,49.1578943,-122.7080699,HR19A,191
HR,1,1,1_HR09,2022,HR1_09_01,VISA,B. flavifrons,,bcparasite07_D3,harvieroad2,49.1626103,-122.7282396,HR09,142
SD,3,2,3_SD40,2022,SD3_40_06,SAOF,B. flavifrons,,bcparasite07_E10,southdelta2,49.0664297,-123.0753682,SD40,164
HR,3,2,3_HR32,2022,HR3_32_16,SYOF,B. flavifrons,,bcparasite07_E5,harvieroad3,49.147953,-122.7201041,HR32,172
NR,5,3,5_NR07A,2022,NR5_07A_04,VICR,B. flavifrons,,bcparasite07_G4,nicomekl1,49.0896758,-122.7593916,NR07A,194
ED,2,1,2_ED27,2022,ED2_27_02,VISA,B. flavifrons,,bcparasite07_H2,eastdelta1,49.1002059,-122.9312067,ED27,157
NR,5,3,5_NR05A,2022,NR5_05A_02,VICR,B. flavifrons,,bcparasite08_A10,nicomekl1,49.0858886,-122.7602928,NR05A,194
W,4,2,4_W18,2022,W4_18_01,LUPO,B. flavifrons,,bcparasite08_B4,westham4,49.0821167,-123.1545951,W18,175
W,3,2,3_W18,2022,W3_18_04,BAAU,B. flavifrons,,bcparasite08_C4,westham4,49.0821167,-123.1545951,W18,161
ED,3,2,3_ED25B,2022,ED3_25B_01,TRRE,B. flavifrons,,bcparasite08_E5,eastdelta1,49.10081,-122.9371909,ED25B,167
W,4,2,4_W24,2022,W4_24_01,Philadelphus spp.,B. flavifrons,,bcparasite08_F12,westham2,49.0920602,-123.1542973,W24,175
ED,2,1,2_ED27,2022,ED2_27_01,VISA,B. flavifrons,,bcparasite08_G12,eastdelta1,49.1002059,-122.9312067,ED27,157
HR,2,1,2_HR19A,2022,HR2_19A_09,TRME,B. flavifrons,,bcparasite05_E10,harvieroad1,49.1578943,-122.7080699,HR19A,158
PM,3,2,3_PM51,2022,PM3_51_04,VACO,B. rufocinctus,queen,bcparasite08_A9,pittmeadows3,49.2454815,-122.6549218,PM51,174
ED,5,3,5_ED32,2022,ED5_32_01,TRRE,B. rufocinctus,,bcparasite01_H1,eastdelta4,49.0910852,-122.9303897,ED32,189
ED,9,5,9_ED03A,2022,ED9_03A_01,RARA,B. rufocinctus,,bcparasite01_H4,eastdelta3,49.0974676,-122.9461089,ED03A,227
ED,6,3,6_ED32,2022,ED6_32_01,TRRE,B. rufocinctus,,bcparasite02_F12,eastdelta4,49.0910852,-122.9303897,ED32,202
ED,6,3,6_ED28A,2022,ED6_28A_06,VICR,B. rufocinctus,,bcparasite04_C5,eastdelta1,49.1007889,-122.9346452,ED28A,202
ED,5,3,5_ED32,2022,ED5_32_02,TRRE,B. rufocinctus,,bcparasite06_D4,eastdelta4,49.0910852,-122.9303897,ED32,189
ED,5,3,5_ED27,2022,ED5_27_04,VICR,B. rufocinctus,,bcparasite06_E12,eastdelta1,49.1002059,-122.9312067,ED27,190
ED,7,4,7_ED32,2022,ED7_32_07,TRRE,B. rufocinctus,,bcparasite06_F6,eastdelta4,49.0910852,-122.9303897,ED32,210
NR,3,2,3_NR23,2022,NR3_23_14,RASA,B. rufocinctus,,bcparasite07_B7,nicomekl3,49.0779816,-122.7790408,NR23,171
ED,7,4,7_ED32,2022,ED7_32_01,TRRE,B. rufocinctus,,bcparasite07_G1,eastdelta4,49.0910852,-122.9303897,ED32,210
HR,7,4,7_HR10,2022,HR7_10_05,LASY,B. rufocinctus,,bcparasite07_H4,harvieroad2,49.1588394,-122.7276809,HR10,214
NR,4,2,4_NR23,2022,NR4_23_02,RASA,B. rufocinctus,,bcparasite08_A2,nicomekl3,49.0779816,-122.7790408,NR23,181
ED,8,4,8_ED32,2022,ED8_32_03,TRRE,B. rufocinctus,,bcparasite08_B5,eastdelta4,49.0910852,-122.9303897,ED32,220
ED,6,3,6_ED12,2022,ED6_12_01,HYRA,B. rufocinctus,,bcparasite08_D1,eastdelta4,49.0941941,-122.9295817,ED12,202
NR,3,2,3_NR23,2022,NR3_23_13,RASA,B. rufocinctus,,bcparasite08_G3,nicomekl3,49.0779816,-122.7790408,NR23,171
ED,3,2,3_ED25B,2022,ED3_25B_03,TRRE,B. rufocinctus,,,eastdelta1,49.10081,-122.9371909,ED25B,167
ED,4,2,4_ED11,2022,ED4_11_01,TRRE,B. rufocinctus,,,eastdelta1,49.0998336,-122.9364988,ED11,178
ED,4,2,4_ED32,2022,ED4_32_01,TRRE,B. rufocinctus,,,eastdelta4,49.0910852,-122.9303897,ED32,178
ED,5,3,5_ED01,2022,ED5_01_02,TRHY,B. rufocinctus,,,eastdelta3,49.0954133,-122.9487118,ED01,190
ED,6,3,6_ED01,2022,ED6_01_03,TRHY,B. rufocinctus,,,eastdelta3,49.0954133,-122.9487118,ED01,202
ED,7,4,7_ED01,2022,ED7_01_03,TRHY,B. rufocinctus,,,eastdelta3,49.0954133,-122.9487118,ED01,210
ED,7,4,7_ED22A,2022,ED7_22A_01,TRHY,B. rufocinctus,,,eastdelta2,49.1028989,-122.9460592,ED22A,210
ED,7,4,7_ED22A,2022,ED7_22A_02,TRHY,B. rufocinctus,,,eastdelta2,49.1028989,-122.9460592,ED22A,210
ED,8,4,8_ED21A,2022,ED8_21A_01,RASA,B. rufocinctus,,,eastdelta1,49.1046683,-122.9321746,ED21A,220
ED,8,4,8_ED21A,2022,ED8_21A_02,RARA,B. rufocinctus,,,eastdelta1,49.1046683,-122.9321746,ED21A,220
ED,8,4,8_ED21A,2022,ED8_21A_03,RARA,B. rufocinctus,,,eastdelta1,49.1046683,-122.9321746,ED21A,220
ED,9,5,9_ED21A,2022,ED9_21A_01,RARA,B. rufocinctus,,,eastdelta1,49.1046683,-122.9321746,ED21A,227
HR,3,2,3_HR19A,2022,HR3_19A_23,VICR,B. rufocinctus,,,harvieroad1,49.1578943,-122.7080699,HR19A,172
HR,6,3,6_HR10,2022,HR6_10_05,LASY,B. rufocinctus,,,harvieroad2,49.1588394,-122.7276809,HR10,201
NR,2,1,2_NR01,2022,NR2_01_01,ROAC,B. rufocinctus,,,nicomekl2,49.089725,-122.7790482,NR01,159
NR,2,1,2_NR23,2022,NR2_23_04,RASA,B. rufocinctus,,,nicomekl3,49.0779816,-122.7790408,NR23,159
NR,2,1,2_NR23,2022,NR2_23_05,RASA,B. rufocinctus,,,nicomekl3,49.0779816,-122.7790408,NR23,159
NR,3,2,3_NR23,2022,NR3_23_03,RARA,B. rufocinctus,,,nicomekl3,49.0779816,-122.7790408,NR23,171
NR,3,2,3_NR23,2022,NR3_23_06,RARA,B. rufocinctus,,,nicomekl3,49.0779816,-122.7790408,NR23,171
NR,3,2,3_NR23,2022,NR3_23_15,RASA,B. rufocinctus,,,nicomekl3,49.0779816,-122.7790408,NR23,171
NR,4,2,4_NR23,2022,NR4_23_03,RASA,B. rufocinctus,,,nicomekl3,49.0779816,-122.7790408,NR23,181
NR,6,3,6_NR23,2022,NR6_23_01,RARA,B. rufocinctus,,,nicomekl3,49.0779816,-122.7790408,NR23,203
NR,6,3,6_NR23,2022,NR6_23_04,CIAR,B. rufocinctus,,,nicomekl3,49.0779816,-122.7790408,NR23,203
NR,9,5,9_NR12,2022,NR9_12_04,RARA,B. rufocinctus,,,nicomekl4,49.0789431,-122.7640991,NR12,225
SD,5,3,5_SD24,2022,SD5_24_13,LASY,B. rufocinctus,,,southdelta1,49.0659931,-123.0585976,SD24,187
SD,6,3,6_SD26,2022,SD6_26_21,TRRE,B. rufocinctus,,,southdelta4,49.0584528,-123.0671996,SD26,199
SD,9,5,9_SD24,2022,SD9_24_01,CIVU,B. rufocinctus,,,southdelta1,49.0659931,-123.0585976,SD24,224
SD,9,5,9_SD30,2022,SD9_30_07,RASA,B. rufocinctus,,,southdelta4,49.0566301,-123.0652652,SD30,224
SD,9,5,9_SD30,2022,SD9_30_16,RARA,B. rufocinctus,,,southdelta4,49.0566301,-123.0652652,SD30,224
SD,9,5,9_SD39,2022,SD9_39_06,PHTA,B. rufocinctus,,,southdelta2,49.0682854,-123.0740915,SD39,224
W,10,5,10_W10,2022,W10_10_01,LYSA,B. rufocinctus,,,westham3,49.0877613,-123.1628726,W10,229
W,8,4,8_W01,2022,W8_01_02,TRRE,B. rufocinctus,,,westham3,49.0878415,-123.1662845,W01,217
NR,2,1,2_NR43,2022,NR2_43_01,LUPO,B. vosnesenskii,messed up bcparasite03_G10/H10,,nicomekl2,49.0834488,-122.776728,NR43,159
NR,1,1,1_NR01,2022,NR1_01_01,ROAC,B. vosnesenskii,"on flower, not moving (cold/dying?)",,nicomekl2,49.089725,-122.7790482,NR01,149
NR,5,3,5_NR14A,2022,NR5_14A_05,TRME,B. vosnesenskii,queen,bcparasite01_H11,nicomekl4,49.0803908,-122.7595179,NR14A,194
NR,6,3,6_NR14A,2022,NR6_14A_02,N/A (leaf),B. vosnesenskii,,bcparasite02_B10,nicomekl4,49.0803908,-122.7595179,NR14A,203
NR,2,1,2_NR43,2022,NR2_43_07,LUPO,B. vosnesenskii,,bcparasite02_G11,nicomekl2,49.0834488,-122.776728,NR43,159
NR,4,2,4_NR43,2022,NR4_43_02,LUPO,B. vosnesenskii,,bcparasite03_A5,nicomekl2,49.0834488,-122.776728,NR43,181
NR,4,2,4_NR43,2022,NR4_43_07,LUPO,B. vosnesenskii,,bcparasite03_B3,nicomekl2,49.0834488,-122.776728,NR43,181
NR,5,3,5_NR14A,2022,NR5_14A_01,TRME,B. vosnesenskii,,bcparasite03_C2,nicomekl4,49.0803908,-122.7595179,NR14A,194
SD,6,3,6_SD37,2022,SD6_37_04,LOCO,B. vosnesenskii,,bcparasite03_D11,southdelta4,49.0602593,-123.058988,SD37,199
NR,5,3,5_NR14A,2022,NR5_14A_03,TRME,B. vosnesenskii,,bcparasite03_D8,nicomekl4,49.0803908,-122.7595179,NR14A,194
NR,2,1,2_NR43,2022,NR2_43_13,LUPO,B. vosnesenskii,,bcparasite04_A1,nicomekl2,49.0834488,-122.776728,NR43,159
SD,9,5,9_SD36,2022,SD9_36_02,VICR,B. vosnesenskii,,bcparasite04_D6,southdelta3,49.0597409,-123.0816311,SD36,224
SD,8,4,8_SD39,2022,SD8_39_07,PHTA,B. vosnesenskii,,bcparasite05_E11,southdelta2,49.0682854,-123.0740915,SD39,216
SD,7,4,7_SD37,2022,SD7_37_03,VICR,B. vosnesenskii,,bcparasite05_F10,southdelta4,49.0602593,-123.058988,SD37,209
NR,3,2,3_NR01,2022,NR3_01_05,RONU,B. vosnesenskii,,bcparasite05_G6,nicomekl2,49.089725,-122.7790482,NR01,171
NR,2,1,2_NR43,2022,NR2_43_03,LUPO,B. vosnesenskii,,bcparasite06_G12,nicomekl2,49.0834488,-122.776728,NR43,159
NR,5,3,5_NR14A,2022,NR5_14A_04,TRME,B. vosnesenskii,,bcparasite06_H12,nicomekl4,49.0803908,-122.7595179,NR14A,194
SD,6,3,6_SD36,2022,SD6_36_14,VICR,B. vosnesenskii,,bcparasite06_H9,southdelta3,49.0597409,-123.0816311,SD36,199
SD,7,4,7_SD37,2022,SD7_37_09,LOCO,B. vosnesenskii,,bcparasite07_B9,southdelta4,49.0602593,-123.058988,SD37,209
SD,7,4,7_SD39,2022,SD7_39_13,PHTA,B. vosnesenskii,,bcparasite07_C11,southdelta2,49.0682854,-123.0740915,SD39,209
SD,9,5,9_SD25,2022,SD9_25_04,TAER,B. vosnesenskii,,bcparasite07_C3,southdelta4,49.058024,-123.0639996,SD25,224
SD,6,3,6_SD03,2022,SD6_03_01,VICR,B. vosnesenskii,,bcparasite07_C7,southdelta3,49.0601615,-123.0764268,SD03,199
SD,7,4,7_SD39,2022,SD7_39_17,PHTA,B. vosnesenskii,,bcparasite07_D12,southdelta2,49.0682854,-123.0740915,SD39,209
SD,9,5,9_SD36,2022,SD9_36_01,VICR,B. vosnesenskii,,bcparasite07_E6,southdelta3,49.0597409,-123.0816311,SD36,224
NR,3,2,3_NR43,2022,NR3_43_04,LUPO,B. vosnesenskii,,bcparasite07_G5,nicomekl2,49.0834488,-122.776728,NR43,171
NR,2,1,2_NR43,2022,NR2_43_12,LUPO,B. vosnesenskii,,bcparasite08_B10,nicomekl2,49.0834488,-122.776728,NR43,159
SD,6,3,6_SD03,2022,SD6_03_07,VICR,B. vosnesenskii,,bcparasite08_C5,southdelta3,49.0601615,-123.0764268,SD03,199
SD,8,4,8_SD26,2022,SD8_26_04,TRHY,B. vosnesenskii,,bcparasite08_F4,southdelta4,49.0584528,-123.0671996,SD26,216
SD,6,3,6_SD26,2022,SD6_26_18,VIVI,B. vosnesenskii,,bcparasite08_H4,southdelta4,49.0584528,-123.0671996,SD26,199
ED,5,3,5_ED28A,2022,ED5_28A_06,VICR,B. vosnesenskii,,,eastdelta1,49.1007889,-122.9346452,ED28A,190
ED,5,3,5_ED28A,2022,ED5_28A_07,VICR,B. vosnesenskii,,,eastdelta1,49.1007889,-122.9346452,ED28A,190
ED,6,3,6_ED27A,2022,ED6_27A_03,VICR,B. vosnesenskii,,,eastdelta1,49.1002656,-122.9297475,ED27A,202
ED,7,4,7_ED21A,2022,ED7_21A_01,RARA,B. vosnesenskii,,,eastdelta1,49.1046683,-122.9321746,ED21A,210
ED,8,4,8_ED22B,2022,ED8_22B_04,VICR,B. vosnesenskii,,,eastdelta2,49.1046204,-122.9460145,ED22B,220
ED,9,5,9_ED11,2022,ED9_11_01,TRME,B. vosnesenskii,,,eastdelta1,49.0998336,-122.9364988,ED11,227
HR,7,4,7_HR04,2022,HR7_04_04,SPDO,B. vosnesenskii,,,harvieroad3,49.1534069,-122.719946,HR04,214
HR,8,4,8_HR10,2022,HR8_10_03,LASY,B. vosnesenskii,,,harvieroad2,49.1588394,-122.7276809,HR10,221
NR,2,1,2_NR43,2022,NR2_43_10,LUPO,B. vosnesenskii,,,nicomekl2,49.0834488,-122.776728,NR43,159
NR,3,2,3_NR30A,2022,NR3_30A_01,TRHY,B. vosnesenskii,,,nicomekl4,49.0749955,-122.7581554,NR30A,171
NR,3,2,3_NR30A,2022,NR3_30A_02,TRHY,B. vosnesenskii,,,nicomekl4,49.0749955,-122.7581554,NR30A,171
NR,4,2,4_NR43,2022,NR4_43_03,LUPO,B. vosnesenskii,,,nicomekl2,49.0834488,-122.776728,NR43,181
NR,5,3,5_NR03A,2022,NR5_03A_01,VICR,B. vosnesenskii,,,nicomekl3,49.0792536,-122.7756076,NR03A,194
NR,6,3,6_NR07A,2022,NR6_07A_04,VICR,B. vosnesenskii,,,nicomekl1,49.0896758,-122.7593916,NR07A,203
NR,7,4,7_NR14A,2022,NR7_14A_04,RASA,B. vosnesenskii,,,nicomekl4,49.0803908,-122.7595179,NR14A,213
PM,10,5,10_PM40,2022,PM10_40_01,TRME,B. vosnesenskii,,,pittmeadows2,49.2568274,-122.6668088,PM40,232
PM,7,4,7_PM71,2022,PM7_71_04,IMGL,B. vosnesenskii,,,pittmeadows2,49.25134,-122.6668765,PM71,212
SD,2,1,2_SD40,2022,SD2_40_09,LUPO,B. vosnesenskii,,,southdelta2,49.0664297,-123.0753682,SD40,153
SD,5,3,5_SD03,2022,SD5_03_01,VICR,B. vosnesenskii,,,southdelta3,49.0601615,-123.0764268,SD03,187
SD,6,3,6_SD39,2022,SD6_39_02,PHTA,B. vosnesenskii,,,southdelta2,49.0682854,-123.0740915,SD39,199
SD,6,3,6_SD39,2022,SD6_39_04,PHTA,B. vosnesenskii,,,southdelta2,49.0682854,-123.0740915,SD39,199
W,7,4,7_W24,2022,W7_24_02,CIAR,B. vosnesenskii,,,westham2,49.0920602,-123.1542973,W24,206